title,artist,peak_position,total_weeks,first_chart_date,main_genre,all_genres,genre_source
All I Want For Christmas Is You,Mariah Carey,1,4,2025-01-04,R&B,pop; contemporary r&b; dance-pop; soul; christmas music,musicbrainz
Rockin' Around The Christmas Tree,Brenda Lee,1,3,2025-01-04,Country,pop; country; 2008 universal fire victim; american; classic pop and rock,musicbrainz
Die With A Smile,Lady Gaga & Bruno Mars,1,42,2025-01-04,Rock,pop; dance-pop; electropop; pop rock; electronic,musicbrainz
A Bar Song (Tipsy),Shaboozey,1,41,2025-01-04,Hip Hop/Rap,country; country pop; hip hop; stomp and holler,musicbrainz
Luther,Kendrick Lamar & SZA,1,42,2025-01-04,Unknown,No genre data,none
Squabble Up,Kendrick Lamar,1,26,2025-01-04,Hip Hop/Rap,hip hop; conscious hip hop; jazz rap; west coast hip hop; hardcore hip hop,musicbrainz
I Had Some Help,Post Malone Featuring Morgan Wallen,1,35,2025-01-04,Unknown,No genre data,none
Love Somebody,Morgan Wallen,1,36,2025-01-04,Country,country,musicbrainz
Lose Control,Teddy Swims,1,41,2025-01-11,Rock,pop; pop / rock,musicbrainz
Too Sweet,Hozier,1,13,2025-01-11,R&B,blues rock; blues; indie rock; pop soul; soul,musicbrainz
Not Like Us,Kendrick Lamar,1,20,2025-01-11,Hip Hop/Rap,hip hop; diss track; pop / rock; producer tag - dj mustard,musicbrainz
Please Please Please,Sabrina Carpenter,1,11,2025-01-11,Country,pop; synthpop; country pop; country,lastfm
4X4,Travis Scott,1,4,2025-02-08,Hip Hop/Rap,hip hop; trap; rap; southern hip hop; english,musicbrainz
Humble.,Kendrick Lamar,1,1,2025-02-22,Hip Hop/Rap,west coast hip hop; westcoast rap,musicbrainz
Like That,"Future, Metro Boomin & Kendrick Lamar",1,1,2025-02-22,Hip Hop/Rap,hip hop,musicbrainz
Ordinary,Alex Warren,1,41,2025-02-22,Pop,folk; pop; linedance 2025,lastfm
Fortnight,Taylor Swift Featuring Post Malone,1,1,2025-04-26,Rock,synth-pop; pop rock; alternative pop; pop; indie folk,musicbrainz
What I Want,Morgan Wallen Featuring Tate McRae,1,27,2025-05-31,Unknown,No genre data,none
Manchild,Sabrina Carpenter,1,24,2025-06-21,Pop,pop; 2020s; dance-pop; electropop,musicbrainz
Golden,"HUNTR/X: EJAE, Audrey Nuna & REI AMI",1,22,2025-07-05,Pop,k-pop; korean; synth-pop; english; pop music,musicbrainz
The Fate Of Ophelia,Taylor Swift,1,7,2025-10-18,Country,pop; country; country pop; singer/songwriter; female vocals,musicbrainz
Monster Mash,"Bobby ""Boris"" Pickett And The Crypt-Kickers",1,1,2025-11-15,Halloween,halloween,musicbrainz
Ghostbusters,Ray Parker Jr.,1,1,2025-11-15,R&B,2008 universal fire victim; contemporary r&b; pop; pop and chart; pop soul,musicbrainz
Birds Of A Feather,Billie Eilish,2,36,2025-01-04,Rock,alt-pop; pop; indie pop; pop rock; sophisti-pop,lastfm
TV Off,Kendrick Lamar Featuring Lefty Gunplay,2,27,2025-01-04,Unknown,No genre data,none
Taste,Sabrina Carpenter,2,21,2025-01-04,Pop,pop; 2020s; dance-pop; electropop,musicbrainz
Beautiful Things,Benson Boone,2,41,2025-01-11,Rock,pop; pop rock; 2020s,musicbrainz
Million Dollar Baby,Tommy Richman,2,2,2025-01-11,Electronic/Dance,house,musicbrainz
DTMF,Bad Bunny,2,20,2025-01-18,Pop,latin; reggaeton; danceable; latin pop,lastfm
I'm The Problem,Morgan Wallen,2,36,2025-02-15,Country,country pop; country,lastfm
Nokia,Drake,2,27,2025-03-01,Hip Hop/Rap,hip hop; funk; soul; pop rap; contemporary r&b,musicbrainz
Evil J0rdan,Playboi Carti,2,5,2025-03-29,Hip Hop/Rap,hip hop; trap; rap; southern hip hop; cloud rap,musicbrainz
Just In Case,Morgan Wallen,2,29,2025-04-05,Country,country; country pop,musicbrainz
What Did I Miss?,Drake,2,12,2025-07-19,Hip Hop/Rap,hip hop; r&b; contemporary r&b; pop rap; alternative r&b,musicbrainz
Daisies,Justin Bieber,2,19,2025-07-26,Rock,bedroom pop; pop; pop rock; offizielle charts; 5+ wochen,musicbrainz
Opalite,Taylor Swift,2,7,2025-10-18,Rock,pop; electronic; synth-pop; pop rock; alternative pop,musicbrainz
Somebody's Watching Me,Rockwell,2,1,2025-11-15,Rock,pop; rock and indie,musicbrainz
Last Christmas,Wham!,3,4,2025-01-04,Pop,pop,lastfm
Jingle Bell Rock,Bobby Helms,3,3,2025-01-04,Pop,pop,lastfm
APT.,ROSE & Bruno Mars,3,36,2025-01-04,Pop,k-pop; 2020s; 3rd gen k-pop; ballad; korean ballad,musicbrainz
Espresso,Sabrina Carpenter,3,29,2025-01-04,Pop,pop; 2020s; dance-pop; electropop,musicbrainz
Timeless,The Weeknd & Playboi Carti,3,29,2025-01-04,Unknown,No genre data,none
Baile Inolvidable,Bad Bunny,3,20,2025-01-18,Pop,reggaeton; latin pop; reydelpop,lastfm
Euphoria,Kendrick Lamar,3,1,2025-02-22,Hip Hop/Rap,hardcore hip hop; trap; rap; hip hop; jazz rap,lastfm
Soda Pop,"Saja Boys: Andrew Choi, Neckwav, Danny Chung, Kevin Woo & samUIL Lee",3,21,2025-07-12,Pop,pop; k-pop; korean; dance-pop; english,musicbrainz
The Subway,Chappell Roan,3,13,2025-08-16,Pop,synth-pop; queer; alternative pop; dance-pop; gay pop,musicbrainz
Tears,Sabrina Carpenter,3,12,2025-09-13,Pop,pop; 2020s; dance-pop; electropop,musicbrainz
Tit For Tat,Tate McRae,3,8,2025-10-11,R&B,pop; 2020s; dance-pop; alternative pop; contemporary r&b,musicbrainz
Elizabeth Taylor,Taylor Swift,3,7,2025-10-18,Country,pop; country; country pop; singer/songwriter; female vocals,musicbrainz
A Holly Jolly Christmas,Burl Ives,4,2,2025-01-04,Rock,christmas music; 2008 universal fire victim; american; classic pop and rock; folk,musicbrainz
Pink Pony Club,Chappell Roan,4,41,2025-01-04,Rock,pop; synthpop; indie pop; indie; pop rock,lastfm
Wacced Out Murals,Kendrick Lamar,4,3,2025-01-04,Hip Hop/Rap,west coast hip hop; hip hop; funk; soul; contemporary r&b,musicbrainz
"Good Luck, Babe!",Chappell Roan,4,15,2025-01-11,Rock,synthpop; baroque pop; pop rock; pop; indie pop,lastfm
Smile,Morgan Wallen,4,21,2025-01-11,Unknown,No genre data,none
Rather Lie,Playboi Carti & The Weeknd,4,23,2025-03-29,Hip Hop/Rap,hip hop; trap; rap; southern hip hop; cloud rap,musicbrainz
All The Way,BigXthaPlug Featuring Bailey Zimmerman,4,27,2025-04-19,Unknown,No genre data,none
Your Idol,"Saja Boys: Andrew Choi, Neckwav, Danny Chung, Kevin Woo & samUIL Lee",4,22,2025-07-05,Unknown,No genre data,none
Man I Need,Olivia Dean,4,13,2025-09-06,R&B,2020s; indie pop; neo soul; pop soul,musicbrainz
Father Figure,Taylor Swift,4,7,2025-10-18,Country,pop; country; country pop; singer/songwriter; female vocals,musicbrainz
Thriller,Michael Jackson,4,2,2025-11-08,R&B,pop; dance-pop; disco; contemporary r&b; pop soul,musicbrainz
Santa Tell Me,Ariana Grande,5,3,2025-01-04,R&B,pop; r&b,lastfm
It's The Most Wonderful Time Of The Year,Andy Williams,5,3,2025-01-04,Jazz/Blues,christmas music; easy listening; easy listening soundtracks and musicals; jazz,musicbrainz
Hey Now,Kendrick Lamar Featuring Dody6,5,10,2025-01-04,Unknown,No genre data,none
The Giver,Chappell Roan,5,8,2025-03-29,Pop,synth-pop; queer; alternative pop; dance-pop; gay pop,musicbrainz
Love Me Not,Ravyn Lenae,5,34,2025-04-12,R&B,alternative r&b; contemporary r&b; neo soul; pop; r&b,musicbrainz
Wood,Taylor Swift,5,7,2025-10-18,Country,pop; country; country pop; singer/songwriter; female vocals,musicbrainz
Feliz Navidad,Jose Feliciano,6,2,2025-01-04,Pop,bolero; latin pop; acoustic guitar; christmas music; folk pop,musicbrainz
That's So True,Gracie Abrams,6,29,2025-01-04,Pop,folk pop; pop; bedroom pop; singer-songwriter; 2020s,musicbrainz
Mutt,Leon Thomas,6,42,2025-02-08,Hip Hop/Rap,soul; neo-soul; hip hop soul,lastfm
Gimme A Hug,Drake,6,11,2025-03-01,Hip Hop/Rap,hip hop; pop rap,musicbrainz
Wi$h Li$t,Taylor Swift,6,7,2025-10-18,Country,pop; country; country pop; singer/songwriter; female vocals,musicbrainz
Let It Snow! Let It Snow! Let It Snow!,Dean Martin,7,2,2025-01-04,Country,pop; big band; christmas music; country pop; easy listening,musicbrainz
Lies Lies Lies,Morgan Wallen,7,2,2025-01-11,Unknown,No genre data,none
St. Chroma,"Tyler, the Creator Featuring Daniel Caesar",7,1,2025-01-11,Unknown,No genre data,none
All The Stars,Kendrick Lamar & SZA,7,5,2025-02-22,Hip Hop/Rap,hip hop; conscious hip hop; jazz rap; west coast hip hop; hardcore hip hop,musicbrainz
I Got Better,Morgan Wallen,7,27,2025-05-31,Country,country,musicbrainz
Folded,Kehlani,7,23,2025-06-28,R&B,neo soul; r&b; adult contemporary r&b; alternative r&b; contemporary r&b,musicbrainz
Actually Romantic,Taylor Swift,7,7,2025-10-18,Country,pop; country; country pop; singer/songwriter; female vocals,musicbrainz
Sleigh Ride,The Ronettes,8,2,2025-01-04,Pop,pop; brill building; girl group; christmas music; doo-wop,musicbrainz
Nuevayol,Bad Bunny,8,20,2025-01-18,Hip Hop/Rap,reggaeton; latin; latin trap; trap latino; hip hop,musicbrainz
I Ain't Coming Back,Morgan Wallen Featuring Post Malone,8,25,2025-05-03,Unknown,No genre data,none
Superman,Morgan Wallen,8,17,2025-05-24,Country,country; country pop,musicbrainz
How It's Done,"HUNTR/X: EJAE, Audrey Nuna & REI AMI",8,21,2025-07-12,Pop,k-pop; pop; offizielle charts; 5+ wochen,musicbrainz
The Life Of A Showgirl,Taylor Swift Featuring Sabrina Carpenter,8,7,2025-10-18,Unknown,No genre data,none
Underneath The Tree,Kelly Clarkson,9,3,2025-01-04,Rock,pop; christmas; holiday; christmas music; rock,musicbrainz
The Christmas Song (Merry Christmas To You),"Nat ""King"" Cole",9,3,2025-01-04,Pop,jazz; vocal jazz; easy listening; swing; pop,musicbrainz
Anxiety,Doechii,9,20,2025-03-22,Hip Hop/Rap,hip hop; pop rap,musicbrainz
Eldest Daughter,Taylor Swift,9,7,2025-10-18,Country,pop; country; country pop; singer/songwriter; female vocals,musicbrainz
Run Rudolph Run,Chuck Berry,10,1,2025-01-04,Rock,rock and roll; rock; blues; blues rock; rhythm & blues,musicbrainz
30 For 30,SZA With Kendrick Lamar,10,36,2025-01-04,R&B,contemporary r&b; r&b; alternative r&b; american; electronic,musicbrainz
Sticky,"Tyler, the Creator Featuring Glorilla, Sexyy Red & Lil Wayne",10,12,2025-01-04,Unknown,No genre data,none
Back To Friends,sombr,10,34,2025-04-12,Rock,2020s; indie pop; pop rock,musicbrainz
Outside,Cardi B,10,19,2025-07-05,Hip Hop/Rap,hip hop; alternative pop; east coast hip hop; pop; hardcore hip hop,musicbrainz
Cancelled!,Taylor Swift,10,7,2025-10-18,Country,pop; country; country pop; singer/songwriter; female vocals,musicbrainz
Mistletoe,Justin Bieber,11,1,2025-01-04,Pop,pop; teen pop; 2010s; 2020s; dance-pop,musicbrainz
Dodger Blue,"Kendrick Lamar Featuring Wallie the Sensei, Siete7x & Roddy Ricch",11,2,2025-01-11,Unknown,No genre data,none
Ruin The Friendship,Taylor Swift,11,7,2025-10-18,Country,pop; country; country pop; singer/songwriter; female vocals,musicbrainz
It's Beginning To Look A Lot Like Christmas,Michael Buble,12,3,2025-01-04,Easy Listening,easy listening; christmas; vocal; swing; holiday,musicbrainz
It's Beginning To Look A Lot Like Christmas,Perry Como And The Fontane Sisters With Mitchell Ayres And His Orchestra,12,1,2025-01-04,Rock,easy listening; adult contemporary; american; big band; classic pop and rock,musicbrainz
White Christmas (1947),Bing Crosby With Ken Darby Singers & John Scott Trotter & His Orchestra,12,1,2025-01-04,Unknown,No genre data,none
Good News,Shaboozey,12,42,2025-01-04,Hip Hop/Rap,country; country pop; hip hop; stomp and holler,musicbrainz
Who,Jimin,12,11,2025-01-11,Pop,pop; kpop,lastfm
Cry For Me,The Weeknd,12,21,2025-02-15,R&B,r&b; alternative r&b; contemporary r&b; dance-pop; synth-pop,musicbrainz
Guess,Charli xcx Featuring Billie Eilish,12,1,2025-02-22,Unknown,No genre data,none
Nobody's Son,Sabrina Carpenter,12,11,2025-09-13,Pop,pop; 2020s; dance-pop; electropop,musicbrainz
Honey,Taylor Swift,12,6,2025-10-18,Country,pop; country; country pop; singer/songwriter; female vocals,musicbrainz
Travelin' Soldier,Cody Johnson,12,2,2025-11-22,Country,country,musicbrainz
Peekaboo,Kendrick Lamar Featuring AzChike,13,28,2025-01-04,Unknown,No genre data,none
Abracadabra,Lady Gaga,13,20,2025-02-15,Rock,pop; dance-pop; electropop; pop rock; electronic,musicbrainz
Bed Chem,Sabrina Carpenter,14,15,2025-01-04,Pop,pop; 2020s; dance-pop; electropop,musicbrainz
Messy,Lola Young,14,29,2025-01-04,R&B,alternative pop; neo soul; 2020s; _private tag 1; pop,musicbrainz
Dancing In The Flames,The Weeknd,14,4,2025-01-04,Pop,pop; synth-pop; synthpop; dance-pop,lastfm
I Am Not Okay,Jelly Roll,14,5,2025-01-11,Country,country,musicbrainz
Christmas (Baby Please Come Home),Darlene Love,15,2,2025-01-04,Pop,likedis auto; pop,musicbrainz
Blue Strips,jessie murph,15,22,2025-04-26,Country,2020s; country pop; country soul,musicbrainz
What It Sounds Like,"HUNTR/X: EJAE, Audrey Nuna & REI AMI",15,21,2025-07-12,Pop,pop; alternative pop; k-pop; offizielle charts; 5+ wochen,musicbrainz
My Man On Willpower,Sabrina Carpenter,15,4,2025-09-13,Pop,pop; 2020s; dance-pop; electropop,musicbrainz
Jingle Bells,Frank Sinatra With The Orchestra & Chorus Of Gordon Jenkins,16,1,2025-01-04,Unknown,No genre data,none
Deck The Halls,Nat King Cole,16,1,2025-01-04,Pop,jazz; vocal jazz; easy listening; swing; pop,musicbrainz
Rudolph The Red-Nosed Reindeer,Gene Autry & The Pinafores,16,1,2025-01-04,Unknown,No genre data,none
25,Rod Wave,16,4,2025-01-04,Unknown,No genre data,none
"Dum, Dumb, And Dumber","Lil Baby, Young Thug & Future",16,4,2025-01-18,Unknown,No genre data,none
Sports Car,Tate McRae,16,23,2025-02-08,R&B,pop; 2020s; dance-pop; alternative pop; contemporary r&b,musicbrainz
Undressed,sombr,16,27,2025-04-19,Pop,indie pop; offizielle charts; 5+ wochen,musicbrainz
Eternity,Alex Warren,16,14,2025-08-02,Offizielle Charts,offizielle charts; 5+ wochen,musicbrainz
It Depends,Chris Brown Featuring Bryson Tiller,16,17,2025-08-09,Unknown,No genre data,none
Choosin' Texas,Ella Langley,16,5,2025-11-01,Country,country,musicbrainz
Whatchu Kno About Me,Glorilla & Sexyy Red,17,12,2025-01-04,Hip Hop/Rap,southern hip hop; hip hop; trap,musicbrainz
Wildflower,Billie Eilish,17,44,2025-01-11,Electronic/Dance,electronic; pop; singer-songwriter; alternative; indie pop,musicbrainz
Guy For That,Post Malone Featuring Luke Combs,17,8,2025-01-11,Unknown,No genre data,none
Voy A Llevarte Pa PR,Bad Bunny,17,13,2025-01-18,Hip Hop/Rap,reggaeton; latin; latin trap; trap latino; hip hop,musicbrainz
Fat Juicy & Wet,Sexyy Red & Bruno Mars,17,7,2025-02-08,Hip Hop/Rap,hip hop; trap,musicbrainz
Good Credit,Playboi Carti & Kendrick Lamar,17,2,2025-03-29,Unknown,No genre data,none
I'm A Little Crazy,Morgan Wallen,17,17,2025-04-05,Country,country; country pop,musicbrainz
Mystical Magical,Benson Boone,17,27,2025-05-10,Rock,pop; pop rock; 2020s,musicbrainz
Yukon,Justin Bieber,17,19,2025-07-26,R&B,alternative r&b; bedroom pop,musicbrainz
When Did You Get Hot?,Sabrina Carpenter,17,12,2025-09-13,Pop,pop; 2020s; dance-pop; electropop,musicbrainz
Blue Christmas,Elvis Presley,18,1,2025-01-04,Country,rockabilly; rock and roll; country; pop; rock,musicbrainz
Please Come Home For Christmas,Eagles,18,1,2025-01-04,Country,rock; country rock; classic rock; folk rock; soft rock,musicbrainz
Happy Holiday / The Holiday Season,Andy Williams,18,1,2025-01-04,Jazz/Blues,christmas music; easy listening; easy listening soundtracks and musicals; jazz,musicbrainz
Weren't For The Wind,Ella Langley,18,24,2025-02-08,Country,country,musicbrainz
CN Tower,PARTYNEXTDOOR & Drake,18,3,2025-03-01,Unknown,No genre data,none
Twilight Zone,Ariana Grande,18,18,2025-04-12,Hip Hop/Rap,pop; r&b; dance-pop; contemporary r&b; trap soul,musicbrainz
Go Baby,Justin Bieber,18,3,2025-07-26,R&B,alternative pop; pop soul; contemporary r&b,musicbrainz
So Easy (To Fall In Love),Olivia Dean,18,8,2025-10-11,R&B,2020s; indie pop; neo soul; pop soul,musicbrainz
Stargazing,Myles Smith,19,20,2025-01-11,Pop,pop,musicbrainz
"I Love You, I'm Sorry",Gracie Abrams,19,1,2025-01-11,Pop,folk pop; pop; bedroom pop; singer-songwriter; 2020s,musicbrainz
Sorry I'm Here For Someone Else,Benson Boone,19,32,2025-03-15,Rock,pop; pop rock; 2020s,musicbrainz
Santa Baby,Eartha Kitt With Henri Rene And His Orchestra,20,1,2025-01-04,Jazz/Blues,jazz; holiday; christmas music; christmas/holiday,musicbrainz
It's Ok I'm Ok,Tate McRae,20,6,2025-01-04,Pop,dance-pop; pop; dance pop; dance; electropop,lastfm
Worst Way,Riley Green,20,35,2025-02-15,Unknown,No genre data,none
Crush,Playboi Carti & Travis Scott,20,2,2025-03-29,Unknown,No genre data,none
20 Cigarettes,Morgan Wallen,20,26,2025-05-31,Country,country,musicbrainz
Sugar Talking,Sabrina Carpenter,20,4,2025-09-13,Pop,pop; 2020s; dance-pop; electropop,musicbrainz
Here Comes Santa Claus (Right Down Santa Claus Lane),Gene Autry,21,1,2025-01-04,Christmas,christmas,musicbrainz
Denial Is A River,Doechii,21,19,2025-01-18,Hip Hop/Rap,hip hop; pop rap,musicbrainz
Die Trying,"PARTYNEXTDOOR, Drake & Yebba",21,12,2025-03-01,R&B,alternative r&b; canadian; contemporary r&b; partynextdoor; r&b,musicbrainz
Kick Myself,Morgan Wallen,21,6,2025-05-31,Country,country; country pop,musicbrainz
Miami,Morgan Wallen Featuring Lil Wayne & Rick Ross,21,10,2025-05-31,Unknown,No genre data,none
Takedown,"HUNTR/X: EJAE, Audrey Nuna & REI AMI",21,20,2025-07-12,Pop,pop; k-pop; offizielle charts; 5+ wochen,musicbrainz
All I Can Take,Justin Bieber,21,1,2025-07-26,R&B,alternative pop; contemporary r&b,musicbrainz
High Road,Koe Wetzel & jessie murph,22,12,2025-01-04,Country,country; country rock; outlaw country,musicbrainz
Sailor Song,Gigi Perez,22,21,2025-01-04,Rock,rock and roll over; indie folk; folk; pop; indie,lastfm
Tu Boda,Oscar Maydon & Fuerza Regida,22,11,2025-01-04,Unknown,No genre data,none
No One Noticed,The Marias,22,29,2025-01-04,Pop,dream pop; indie pop; 2020s; lo-fi; psychedelic pop,musicbrainz
Juno,Sabrina Carpenter,22,2,2025-01-11,Pop,pop; 2020s; dance-pop; electropop,musicbrainz
Revolving Door,Tate McRae,22,27,2025-03-08,R&B,pop; 2020s; dance-pop; alternative pop; contemporary r&b,musicbrainz
Eyes Are Closed,Morgan Wallen,22,7,2025-05-31,Country,country; country pop,musicbrainz
Back In The Saddle,Luke Combs,22,17,2025-08-09,Country,country,musicbrainz
Velda,"Bad Bunny, Omar Courtz & Dei V",23,7,2025-01-18,Unknown,No genre data,none
Free,"Rumi, JINU, EJAE & Andrew Choi",23,20,2025-07-12,Unknown,No genre data,none
Which One,Drake & Central Cee,23,12,2025-08-09,Hip Hop/Rap,hip hop; r&b; contemporary r&b; pop rap; alternative r&b,musicbrainz
I Never Lie,Zach Top,24,21,2025-01-04,Country,country,musicbrainz
EOO,Bad Bunny,24,30,2025-01-18,Pop,reggaeton; king of pop; rey del pop,lastfm
The Greatest,Billie Eilish,24,1,2025-02-22,R&B,alternative pop; electropop; dark pop; pop; alternative r&b,musicbrainz
Go Go Juice,Sabrina Carpenter,24,4,2025-09-13,Pop,pop; 2020s; dance-pop; electropop,musicbrainz
Little Saint Nick,The Beach Boys,25,1,2025-01-04,Rock,surf rock; pop; sunshine pop; pop rock; psychedelic pop,musicbrainz
Backd00r,Playboi Carti Featuring Kendrick Lamar & Jhene Aiko,25,2,2025-03-29,Unknown,No genre data,none
Burning Blue,Mariah the Scientist,25,26,2025-05-17,R&B,contemporary r&b; r&b; r&b/soul,musicbrainz
Falling Apart,Morgan Wallen,25,5,2025-05-31,Country,country,musicbrainz
"Courtesy Of The Red, White And Blue (The Angry American)",Toby Keith,25,1,2025-07-19,Country,country; contemporary country,musicbrainz
Wonderful Christmastime,Paul McCartney,26,1,2025-01-04,Rock,pop; pop rock; british; rock; rock & roll,musicbrainz
Something About You,PARTYNEXTDOOR & Drake,26,3,2025-03-01,Unknown,No genre data,none
Safe,Cardi B Featuring Kehlani,26,9,2025-10-04,Unknown,No genre data,none
This Is Halloween,The Citizens of Halloween,26,2,2025-11-08,Electronic/Dance,soundtrack; score; electronic; classical; pop,musicbrainz
Disease,Lady Gaga,27,2,2025-01-11,Electronic/Dance,electropop; pop; futurepop; dance-pop; electronic,lastfm
El Club,Bad Bunny,27,7,2025-01-11,Unknown,No genre data,none
Busy Woman,Sabrina Carpenter,27,16,2025-03-01,Pop,pop; 2020s; dance-pop; electropop,musicbrainz
Somebody Loves Me,"PARTYNEXTDOOR, Drake & Cash Cobain",27,22,2025-03-01,Unknown,No genre data,none
Mojo Jojo,Playboi Carti,27,1,2025-03-29,Hip Hop/Rap,trap; southern hip hop; hardcore hip hop; memphis rap; rap,lastfm
House Tour,Sabrina Carpenter,27,5,2025-09-13,R&B,dance-pop; contemporary r&b; synth funk,musicbrainz
Philly,Playboi Carti & Travis Scott,28,2,2025-03-29,Hip Hop/Rap,hip hop; trap; rap; southern hip hop; cloud rap,musicbrainz
Dark Thoughts,Lil Tecca,28,17,2025-03-29,Hip Hop/Rap,rap; cloud rap,lastfm
Azizam,Ed Sheeran,28,14,2025-04-19,Pop,pop; linedance 2025,lastfm
Happen To Me,Russell Dickerson,28,31,2025-05-03,Unknown,No genre data,none
Jump,BLACKPINK,28,10,2025-07-26,Electronic/Dance,dance; k-pop; edm; hard techno; offizielle charts,musicbrainz
"Mama, I'm Coming Home",Ozzy Osbourne,28,2,2025-08-02,Rock,heavy metal; hard rock; glam metal; british; pop rock,musicbrainz
Jealous Type,Doja Cat,28,13,2025-09-06,Hip Hop/Rap,pop; hip hop; pop rap,musicbrainz
BMF,SZA,29,20,2025-01-04,R&B,contemporary r&b; r&b; alternative r&b; american; electronic,musicbrainz
Like Him,"Tyler, the Creator Featuring Lola Young",29,20,2025-01-04,Unknown,No genre data,none
High Road,Zach Bryan,29,1,2025-01-11,Country,country; alternative country; americana; red dirt,musicbrainz
Tweaker,GELO,29,13,2025-01-18,Unknown,No genre data,none
Moth Balls,PARTYNEXTDOOR & Drake,29,2,2025-03-01,Unknown,No genre data,none
"Skoal, Chevy, And Browning",Morgan Wallen,29,5,2025-05-31,Country,country,musicbrainz
Bad Dreams,Teddy Swims,30,20,2025-01-11,Pop,pop; offizielle charts; 5+ wochen,musicbrainz
Backup Plan,Bailey Zimmerman & Luke Combs,30,20,2025-05-17,Unknown,No genre data,none
6 Months Later,Megan Moroney,30,22,2025-07-05,Country,country,musicbrainz
Never Getting Laid,Sabrina Carpenter,30,3,2025-09-13,Rock,yacht rock,musicbrainz
Dracula,Tame Impala,30,8,2025-10-11,Rock,dance-pop; rock; electronic; pop; indie rock,musicbrainz
Christmastime Is Here,Vince Guaraldi Trio,31,1,2025-01-04,Jazz/Blues,jazz,musicbrainz
"You're A Mean One, Mr. Grinch",Thurl Ravenscroft,31,1,2025-01-04,Unknown,No genre data,none
Wind Up Missin' You,Tucker Wetmore,31,5,2025-01-04,Country,country,musicbrainz
Liar,Jelly Roll,31,12,2025-01-04,Hip Hop/Rap,country rap; hip hop; r&b,musicbrainz
Perfumito Nuevo,Bad Bunny & RaiNao,31,5,2025-01-18,Unknown,No genre data,none
Deeper,PARTYNEXTDOOR,31,3,2025-03-01,Hip Hop/Rap,alternative rnb; trapsoul,lastfm
TN,Morgan Wallen,31,15,2025-05-31,Country,country; country pop,musicbrainz
Gabriela,KATSEYE,31,18,2025-07-05,Pop,pop; latin; latin pop; latinas,lastfm
We Almost Broke Up Again Last Night,Sabrina Carpenter,31,3,2025-09-13,Unknown,No genre data,none
Weltita,Bad Bunny & Chuwi,32,6,2025-01-18,Unknown,No genre data,none
Where'd That Girl Go,Morgan Wallen,32,6,2025-05-31,Country,country,musicbrainz
Bloodline,Alex Warren With Jelly Roll,32,13,2025-06-07,Pop,pop,musicbrainz
Bottle Rockets,Scotty McCreery & Hootie & The Blowfish,32,20,2025-07-05,Country,american idol; country,musicbrainz
Again,Fetty Wap,33,1,2025-02-15,Hip Hop/Rap,hip hop; pop rap; trap rap; 2010s; contemporary r&b,musicbrainz
Fine Shit,Playboi Carti,33,2,2025-03-29,Hip Hop/Rap,pop rap; trap; alternative rnb; hip hop; rap,lastfm
Just Keep Watching,Tate McRae,33,20,2025-06-14,Unknown,No genre data,none
Way It Is,Justin Bieber & Gunna,33,1,2025-07-26,R&B,alternative pop; alternative r&b,musicbrainz
Big Poe,"Tyler, the Creator Featuring Sk8brd",33,2,2025-08-02,Unknown,No genre data,none
Don't Mind If I Do,Riley Green Featuring Ella Langley,33,16,2025-08-16,Unknown,No genre data,none
Goodbye,Sabrina Carpenter,33,4,2025-09-13,Pop,europop,musicbrainz
Romantic Homicide,d4vd,33,1,2025-10-04,R&B,2020s; alternative r&b; contemporary r&b; indie pop,musicbrainz
This Christmas,Donny Hathaway,34,1,2025-01-04,R&B,holiday; soul; christmas; christmas music; christmas/holiday,musicbrainz
Que Pasaria...,Rauw Alejandro & Bad Bunny,34,15,2025-01-04,Unknown,No genre data,none
Am I Okay?,Megan Moroney,34,24,2025-01-11,Country,country,musicbrainz
Toxic,Playboi Carti & Skepta,34,2,2025-03-29,Unknown,No genre data,none
Caramel,Sleep Token,34,5,2025-04-19,Rock,alternative metal; rock; progressive metal; alternative pop,musicbrainz
Kiss Her In Front Of You,Morgan Wallen,34,6,2025-05-31,Country,country; country pop,musicbrainz
Spider-Man Superman,PARTYNEXTDOOR & Drake,35,2,2025-03-01,Unknown,No genre data,none
After All The Bars Are Closed,Thomas Rhett,35,21,2025-05-10,Country,country; contemporary country; country pop,musicbrainz
Things You Do,Justin Bieber,35,1,2025-07-26,Pop,bedroom pop,musicbrainz
Hell At Night,BigXthaPlug Featuring Ella Langley,35,15,2025-08-23,Unknown,No genre data,none
Fear,NF,35,1,2025-11-29,Offizielle Charts,offizielle charts,musicbrainz
Baby It's Cold Outside,Dean Martin,36,1,2025-01-04,Unknown,No genre data,none
What Was That,Lorde,36,4,2025-05-10,Pop,pop; alternative pop; indie pop; synth-pop; art pop,musicbrainz
Hip-Hop,Lil Wayne & BigXthaPlug Featuring Jay Jones,36,2,2025-06-21,Unknown,No genre data,none
No Broke Boys,Disco Lines & Tinashe,36,19,2025-07-19,Unknown,No genre data,none
Holly Jolly Christmas,Michael Buble,37,1,2025-01-04,Jazz/Blues,jazz fusion,lastfm
I'm Gonna Love You,Cody Johnson & Carrie Underwood,37,14,2025-01-04,Country,country,musicbrainz
Crying In Chanel,Drake,37,1,2025-03-01,Hip Hop/Rap,hip hop; funk; soul; pop rap; contemporary r&b,musicbrainz
Bar None,Jordan Davis,37,18,2025-07-12,Country,country; country pop,musicbrainz
Walking Away,Justin Bieber,37,2,2025-07-26,Pop,pop; teen pop; 2010s; 2020s; dance-pop,musicbrainz
Magnet,Cardi B,37,4,2025-10-04,Hip Hop/Rap,hip hop; alternative pop; east coast hip hop; pop; hardcore hip hop,musicbrainz
Merry Christmas,Ed Sheeran & Elton John,38,1,2025-01-04,Rock,electronic; pop; pop rock,musicbrainz
Ketu Tecre,Bad Bunny,38,4,2025-01-18,Hip Hop/Rap,reggaeton; latin; latin trap; trap latino; hip hop,musicbrainz
K Pop,Playboi Carti,38,1,2025-03-29,Hip Hop/Rap,hip hop; trap; rap; southern hip hop; cloud rap,musicbrainz
Dandelion,Ariana Grande,38,3,2025-04-12,Electronic/Dance,pop; electronic; downtempo; funk; vocal,musicbrainz
Intro (End Of The World),Ariana Grande,38,2,2025-04-12,Hip Hop/Rap,pop; r&b; dance-pop; contemporary r&b; trap soul,musicbrainz
Pixelated Kisses,Joji,38,4,2025-10-25,Hip Hop/Rap,lo-fi hip hop; ballad; r&b/soul; alt-pop; alternative r&b,musicbrainz
Lover Girl,Megan Thee Stallion,38,2,2025-11-08,Hip Hop/Rap,hip hop; pop rap; southern hip hop; english; rap,musicbrainz
Like It's Christmas,Jonas Brothers,39,1,2025-01-04,Unknown,No genre data,none
Money On Money,Young Thug Featuring Future,39,3,2025-05-10,Unknown,No genre data,none
Somewhere Over Laredo,Lainey Wilson,39,20,2025-06-07,Unknown,No genre data,none
Crazy Train,Ozzy Osbourne,39,2,2025-08-02,Rock,heavy metal; hard rock; glam metal; british; pop rock,musicbrainz
Don't Worry I'll Make You Worry,Sabrina Carpenter,39,2,2025-09-13,Country,country pop,musicbrainz
Indigo,Sam Barber Featuring Avery Anna,40,30,2025-01-04,Unknown,No genre data,none
Residuals,Chris Brown,40,19,2025-01-04,R&B,pop; contemporary r&b; 2000s; 2010s; dance,musicbrainz
Kloufrens,Bad Bunny,40,5,2025-01-18,Hip Hop/Rap,reggaeton; latin; latin trap; trap latino; hip hop,musicbrainz
Hard Fought Hallelujah,Brandon Lake X Jelly Roll,40,26,2025-02-22,Unknown,No genre data,none
Small Town Fame,Drake,40,2,2025-03-01,Hip Hop/Rap,hip hop,musicbrainz
Killin' It Girl,J-Hope & Glorilla,40,2,2025-06-28,Unknown,No genre data,none
wgft,Gunna Featuring Burna Boy,40,15,2025-08-23,Unknown,No genre data,none
The Dead Dance,Lady Gaga,40,11,2025-09-20,Rock,pop; dance-pop; electropop; pop rock; electronic,musicbrainz
Scorsese Baby Daddy,SZA,41,5,2025-01-04,R&B,indie rock; pop rock; soul; indie; yacht rock,lastfm
2 Hands,Tate McRae,41,1,2025-03-08,R&B,pop; 2020s; dance-pop; alternative pop; contemporary r&b,musicbrainz
Pop Out,Playboi Carti,41,1,2025-03-29,Hip Hop/Rap,industrial hip hop; trap metal; southern hip hop; trap; rap,lastfm
If You Were Mine,Morgan Wallen,41,5,2025-05-31,Country,country; country pop,musicbrainz
Sugar On My Tongue,"Tyler, the Creator",41,18,2025-08-02,Hip Hop/Rap,hip hop; hardcore hip hop; horrorcore; west coast hip hop,musicbrainz
12 To 12,sombr,41,14,2025-08-16,Rock,rock; pop; pop rock,lastfm
Bokete,Bad Bunny,42,4,2025-01-18,Hip Hop/Rap,reggaeton; latin; latin trap; trap latino; hip hop,musicbrainz
Missing,Morgan Wallen,42,4,2025-05-31,Country,country,musicbrainz
Typa,Glorilla,42,14,2025-06-21,Hip Hop/Rap,southern hip hop; hip hop; trap,musicbrainz
Chains & Whips,Clipse Featuring Kendrick Lamar,42,2,2025-07-26,Unknown,No genre data,none
Snowman,Sia,43,1,2025-01-04,Pop,pop; electropop; dance-pop; indie pop; alternative pop,musicbrainz
Loco,Neton Vega,43,20,2025-01-11,Corrido Tumbado,corrido tumbado; regional mexicano,musicbrainz
Sao Paulo,The Weeknd & Anitta,43,2,2025-02-15,R&B,r&b; alternative r&b; contemporary r&b; dance-pop; synth-pop,musicbrainz
Raining In Houston,Drake,43,2,2025-03-01,Hip Hop/Rap,hip hop; r&b; contemporary r&b; pop rap; alternative r&b,musicbrainz
I Know Love,Tate McRae Featauring The Kid LAROI,43,2,2025-03-08,Unknown,No genre data,none
Radar,Playboi Carti,43,1,2025-03-29,Hip Hop/Rap,hip hop; trap; rap; southern hip hop; cloud rap,musicbrainz
Shot Callin,YoungBoy Never Broke Again,43,10,2025-09-27,Hip Hop/Rap,hip hop; southern hip hop; trap; gangsta rap; pop rap,musicbrainz
Pretty & Petty,Cardi B,43,4,2025-10-04,Hip Hop/Rap,hip hop; alternative pop; east coast hip hop; pop; hardcore hip hop,musicbrainz
ErrTime,Cardi B,43,8,2025-10-04,Hip Hop/Rap,hip hop; alternative pop; east coast hip hop; pop; hardcore hip hop,musicbrainz
Defying Gravity,Cynthia Erivo Featuring Ariana Grande,44,6,2025-01-04,Unknown,No genre data,none
By Myself,Lil Baby & Rylo Rodriguez Featuring Rod Wave,44,2,2025-01-18,Unknown,No genre data,none
Dear God,Tate McRae,44,2,2025-03-08,Pop,pop; vocal,musicbrainz
Shake It To The Max (Fly),"MOLIY, Silent Addy, Skillibeng & Shenseea",44,21,2025-05-31,Unknown,No genre data,none
Ring Ring Ring,"Tyler, the Creator",44,6,2025-08-02,Hip Hop/Rap,hip hop; hardcore hip hop; horrorcore; west coast hip hop,musicbrainz
4x4xU,Lainey Wilson,45,14,2025-01-04,Country,country,musicbrainz
Turista,Bad Bunny,45,4,2025-01-18,Hip Hop/Rap,folk trap; latin; reggaeton,lastfm
Wake Me Up,The Weeknd & Justice,45,1,2025-02-15,Unknown,No genre data,none
Pimmie's Dilemma,"Pimmie, PARTYNEXTDOOR & Drake",45,2,2025-03-01,Unknown,No genre data,none
A N X I E T Y,Sleepy Hallow Featuring Doechii,45,2,2025-03-15,Unknown,No genre data,none
Is It A Crime,Mariah the Scientist & Kali Uchis,45,15,2025-08-16,R&B,contemporary r&b; r&b; r&b/soul,musicbrainz
Pick It Up,Cardi B Featuring Selena Gomez,45,2,2025-10-04,Unknown,No genre data,none
Baptized In Fear,The Weeknd,46,2,2025-02-15,Hip Hop/Rap,electronic; pop; hip hop; funk; soul,musicbrainz
Call Me When You Break Up,"Selena Gomez, Benny Blanco & Gracie Abrams",46,8,2025-03-08,Unknown,No genre data,none
Trim,Playboi Carti & Future,46,1,2025-03-29,Hip Hop/Rap,hip hop; trap; rap; southern hip hop; cloud rap,musicbrainz
Genesis,Morgan Wallen,46,3,2025-05-31,Country,country; country pop,musicbrainz
Just Say Dat,Gunna,46,2,2025-08-23,Unknown,No genre data,none
Hello,Cardi B,46,2,2025-10-04,Hip Hop/Rap,hip hop; alternative pop; east coast hip hop; pop; hardcore hip hop,musicbrainz
Help Me,Real Boston Richey,47,7,2025-01-04,Unknown,No genre data,none
Brian Steel,Drake,47,1,2025-03-01,Hip Hop/Rap,hip hop,musicbrainz
House Again,Hudson Westbrook,47,31,2025-05-03,Unknown,No genre data,none
Damocles,Sleep Token,47,2,2025-05-10,Rock,rock; progressive metal; alternative metal; pop rock,musicbrainz
Dead,Cardi B Featuring Summer Walker,47,2,2025-10-04,Unknown,No genre data,none
Where Is My Husband!,RAYE,47,8,2025-10-11,Offizielle Charts,offizielle charts; 5+ wochen,musicbrainz
Winter Wonderland,Darlene Love,48,1,2025-01-04,Pop,likedis auto; pop,musicbrainz
Cafe Con Ron,Bad Bunny & Los Pleneros de La Cresta,48,4,2025-01-18,Unknown,No genre data,none
Me Jalo,Fuerza Regida & Grupo Frontera,48,20,2025-02-08,Unknown,No genre data,none
Open Hearts,The Weeknd,48,2,2025-02-15,Hip Hop/Rap,electronic; pop; hip hop; funk; soul,musicbrainz
HBA,Playboi Carti,48,1,2025-03-29,Hip Hop/Rap,hip hop; trap; rap; southern hip hop; cloud rap,musicbrainz
Don't We,Morgan Wallen,48,5,2025-05-31,Country,country; country pop,musicbrainz
Sucka Free,"Tyler, the Creator",48,2,2025-08-02,Hip Hop/Rap,hip hop; hardcore hip hop; horrorcore; west coast hip hop,musicbrainz
Think I'm In Love With You,Chris Stapleton,49,7,2025-01-04,Country,country; bluegrass; outlaw country; singer-songwriter; southern rock,musicbrainz
Close To You,Gracie Abrams,49,2,2025-01-11,Pop,folk pop; pop; bedroom pop; singer-songwriter; 2020s,musicbrainz
Charge Dem Hoes A Fee,"Playboi Carti, Future & Travis Scott",49,1,2025-03-29,Unknown,No genre data,none
Dark Til Daylight,Morgan Wallen,49,8,2025-05-31,Country,country; country pop,musicbrainz
Butterflies,Justin Bieber,49,1,2025-07-26,Pop,alternative pop; neo-psychedelia; sophisti-pop; bedroom pop,musicbrainz
Graveyard Whistling,Morgan Wallen,49,1,2025-11-01,Country,country; country pop,musicbrainz
You Make It Feel Like Christmas,Gwen Stefani Featuring Blake Shelton,50,1,2025-01-04,Unknown,No genre data,none
Pitorro de Coco,Bad Bunny,50,5,2025-01-11,Latin,danceable; latin; reggaeton,lastfm
Outfit,Lil Baby & 21 Savage,50,2,2025-01-18,Hip Hop/Rap,hip hop; english; rap; southern hip hop; trap,musicbrainz
OWA OWA,Lil Tecca,50,5,2025-06-14,Hip Hop/Rap,hip hop; east coast hip hop; pop rap; trap,musicbrainz
Better Me For You (Brown Eyes),Max McNown,50,23,2025-06-14,Unknown,No genre data,none
Takedown,"JEONGYEON, JIHYO & CHAEYOUNG Of TWICE",50,19,2025-07-19,Unknown,No genre data,none
Kick Out,Travis Scott,50,2,2025-07-26,Hip Hop/Rap,hip hop; trap; rap; southern hip hop; english,musicbrainz
Spaghetti,Le Sserafim & J-Hope,50,2,2025-11-08,Pop,k-pop; girl group; 4th gen k-pop,musicbrainz
Drive,SZA,51,4,2025-01-04,Hip Hop/Rap,neo-soul; alternative hip hop; bedroom pop,lastfm
Dos Dias,Tito Double P & Peso Pluma,51,5,2025-01-04,Latin,corrido; latin; regional mexicano,musicbrainz
Apple,Charli xcx,51,1,2025-01-11,Electronic/Dance,electropop; synthpop; dance-pop; pop; electronic,lastfm
Stuff,Lil Baby Featuring Travis Scott,51,3,2025-01-18,Unknown,No genre data,none
La Mudanza,Bad Bunny,51,4,2025-01-18,Latin,salsa; salsa choke,musicbrainz
Whim Whamiee,PLUTO & YKNIECE,51,16,2025-05-03,Unknown,No genre data,none
Interlude,Morgan Wallen,51,3,2025-05-31,Country,country; country pop,musicbrainz
Stop Playing With Me,"Tyler, the Creator",51,2,2025-08-02,Hip Hop/Rap,hip hop; hardcore hip hop; horrorcore; west coast hip hop,musicbrainz
Strategy,Twice,51,17,2025-08-02,Pop,pop; dance-pop; k-pop,musicbrainz
Garden Of Eden,Lady Gaga,52,1,2025-03-22,Rock,pop; dance-pop; rock; electronic; industrial,musicbrainz
Wake Up F1lthy,Playboi Carti & Travis Scott,52,1,2025-03-29,Hip Hop/Rap,hip hop; trap; rap; southern hip hop; cloud rap,musicbrainz
Fix What You Didn't Break,Nate Smith,52,19,2025-04-12,Country,country,musicbrainz
End Of The World,Miley Cyrus,52,4,2025-04-19,Rock,pop; rock; vocal; art rock; dance-pop,musicbrainz
Number 3 And Number 7,Morgan Wallen Featuring Eric Church,52,3,2025-05-31,Unknown,No genre data,none
Ceremony,Stray Kids,52,1,2025-09-06,Pop,k-pop; boy group; boy band; 4th gen k-pop; electropop,musicbrainz
Darlin',Chase Matthew,52,9,2025-10-04,Country,2020s; country pop; country rock,musicbrainz
Popular,Ariana Grande,53,5,2025-01-04,Hip Hop/Rap,pop; r&b; dance-pop; contemporary r&b; trap soul,musicbrainz
Redbone,Lil Baby & Glorilla,53,1,2025-01-18,Hip Hop/Rap,hip hop; english; rap; southern hip hop; trap,musicbrainz
Reflections Laughing,"The Weeknd, Travis Scott & Florence + the Machine",53,1,2025-02-15,Unknown,No genre data,none
Purple Lace Bra,Tate McRae,53,2,2025-03-08,R&B,pop; 2020s; dance-pop; alternative pop; contemporary r&b,musicbrainz
Jumpin,Playboi Carti & Lil Uzi Vert,53,1,2025-03-29,Unknown,No genre data,none
Past Life,Ariana Grande,53,1,2025-04-12,Hip Hop/Rap,pop; r&b; dance-pop; contemporary r&b; trap soul,musicbrainz
River Washed Hair,Zach Bryan,53,4,2025-07-19,Country,country; alternative country; americana; red dirt,musicbrainz
Champain & Vacay,Travis Scott & Don Toliver,53,2,2025-07-26,Hip Hop/Rap,hip hop; trap; rap; southern hip hop; english,musicbrainz
Heart Of Stone,Jelly Roll,53,13,2025-08-30,Country,country,musicbrainz
Dog House,"Drake, Julia Wolf & Yeat",53,1,2025-09-27,Hip Hop/Rap,hip hop; r&b; contemporary r&b; pop rap; alternative r&b,musicbrainz
Bodega Baddie,Cardi B,53,2,2025-10-04,Hip Hop/Rap,hip hop; alternative pop; east coast hip hop; pop; hardcore hip hop,musicbrainz
Diet Pepsi,Addison Rae,54,7,2025-01-11,Pop,pop; synth-pop; alternative pop; trip hop,musicbrainz
Shake Dat Ass (Twerk Song),BossMan Dlow,54,1,2025-01-11,Unknown,No genre data,none
Holy Smokes,Bailey Zimmerman,54,10,2025-01-11,Country,contemporary country; country; country pop,musicbrainz
On One Tonight,Gunna,54,1,2025-01-11,Hip Hop/Rap,hip hop; pop rap; southern hip hop; trap,musicbrainz
Miss Possessive,Tate McRae,54,2,2025-03-08,Unknown,No genre data,none
I Seeeeee You Baby Boi,Playboi Carti,54,1,2025-03-29,Hip Hop/Rap,hip hop; trap; rap; southern hip hop; cloud rap,musicbrainz
Warm,Ariana Grande,54,1,2025-04-12,Electronic/Dance,pop; electronic; downtempo; funk; vocal,musicbrainz
Revelation,Morgan Wallen,54,3,2025-05-31,Country,country; country pop,musicbrainz
Nice To Meet You,Myles Smith,54,24,2025-06-14,Pop,folk pop; stomp and holler,musicbrainz
Sharks,"Lil Wayne, Jelly Roll & Big Sean",54,1,2025-06-21,Hip Hop/Rap,hip hop; southern hip hop; gangsta rap; pop rap; r&b,musicbrainz
Dumbo,Travis Scott,54,2,2025-07-26,Hip Hop/Rap,hip hop; trap; rap; southern hip hop; english,musicbrainz
Mommanem,"Tyler, the Creator",54,2,2025-08-02,Hip Hop/Rap,hip hop; hardcore hip hop; horrorcore; west coast hip hop,musicbrainz
Napoleon,$uicideboy$,54,3,2025-08-16,Hip Hop/Rap,hip hop; cloud rap; southern hip hop; horrorcore; memphis rap,musicbrainz
Last One To Know,Gavin Adcock,54,14,2025-08-30,Country,country,musicbrainz
Twenties,Giveon,55,3,2025-02-22,R&B,contemporary r&b; pop soul; r&b,musicbrainz
Crank,Playboi Carti,55,1,2025-03-29,Hip Hop/Rap,hip hop; trap; rap; southern hip hop; cloud rap,musicbrainz
Party 4 U,Charli xcx,55,21,2025-05-03,Electronic/Dance,electropop; dance-pop; hyperpop; electronic; synth-pop,musicbrainz
I'll Take Care Of You,"Tyler, the Creator Featuring Yebba",55,2,2025-08-02,Unknown,No genre data,none
A Couple Minutes,Olivia Dean,55,4,2025-11-08,R&B,2020s; indie pop; neo soul; pop soul,musicbrainz
Christmas Magic,Laufey,56,1,2025-01-04,Unknown,No genre data,none
Empty Out Your Pockets,Juice WRLD,56,2,2025-01-04,Hip Hop/Rap,hip hop; emo rap; rap; trap; 2020s,musicbrainz
Ms. Whitman,Bhad Bhabie,56,3,2025-03-15,Hip Hop/Rap,hip hop; pop rap; southern hip hop; trap,musicbrainz
Like Weezy,Playboi Carti,56,2,2025-03-29,Hip Hop/Rap,hip hop; trap; rap; southern hip hop; cloud rap,musicbrainz
Ojos Tristes,"Selena Gomez, Benny Blanco & The Marias",56,5,2025-04-05,Unknown,No genre data,none
Amen,Shaboozey & Jelly Roll,56,28,2025-05-10,Unknown,No genre data,none
Dangerous,Sleep Token,56,1,2025-05-24,R&B,alternative metal; rock; progressive metal; alternative r&b,musicbrainz
Touch Me Like A Gangster,jessie murph,56,4,2025-06-21,Country,2020s; country pop; country soul,musicbrainz
Devotion,Justin Bieber & Dijon,56,1,2025-07-26,R&B,pop soul; psychedelic soul,musicbrainz
Don't Tap That Glass / Tweakin',"Tyler, the Creator",56,2,2025-08-02,Hip Hop/Rap,hip hop; hardcore hip hop; horrorcore; west coast hip hop,musicbrainz
Gorgeous,Doja Cat,56,1,2025-10-11,Hip Hop/Rap,hip hop; pop; pop rap; west coast hip hop; alternative rock,musicbrainz
My Old Ways,Tame Impala,56,1,2025-11-01,Rock,rock; electronic; pop; indie rock; deep house,musicbrainz
Heart Of A Woman,Summer Walker,57,16,2025-01-04,R&B,soul; rhythm and blues; neo-soul,lastfm
F U 2x,Lil Baby,57,2,2025-01-18,Unknown,No genre data,none
Emergence,Sleep Token,57,4,2025-03-29,R&B,alternative metal; rock; progressive metal; alternative r&b,musicbrainz
Just Us,Jack Harlow & Doja Cat,57,1,2025-04-05,Hip Hop/Rap,hip hop; english; pop rap; rap,musicbrainz
Friends Like That,John Morgan Featuring Jason Aldean,57,6,2025-04-05,Unknown,No genre data,none
Sweet Spot,Justin Bieber & Sexyy Red,57,1,2025-07-26,Pop,pop; teen pop; 2010s; 2020s; dance-pop,musicbrainz
I Ain't Sayin',Jordan Davis,58,13,2025-01-11,Country,country; country pop,musicbrainz
Haunted,Kane Brown With Jelly Roll,58,8,2025-02-08,Unknown,No genre data,none
Te Queria Ver,Aleman X Neton Vega,58,8,2025-03-22,Unknown,No genre data,none
Twin Trim,Playboi Carti & Lil Uzi Vert,58,1,2025-03-29,Unknown,No genre data,none
Camera,Ed Sheeran,58,10,2025-09-27,Pop,pop; folk pop; dance-pop; folk; singer-songwriter,musicbrainz
Robbed You,Summer Walker & Mariah the Scientist,58,1,2025-11-29,Hip Hop/Rap,pop; hip hop; funk; soul; swing,musicbrainz
Are You Even Real,Teddy Swims & GIVEON,59,14,2025-01-25,R&B,pop; pop soul; alternative rock; rhythm & blues; rock,musicbrainz
Hampstead,Ariana Grande,59,1,2025-04-12,Hip Hop/Rap,pop; r&b; dance-pop; contemporary r&b; trap soul,musicbrainz
First Place,Justin Bieber,59,1,2025-07-26,Unknown,No genre data,none
Don't You Worry Baby,"Tyler, the Creator Featuring Madison McFerrin",59,2,2025-08-02,Unknown,No genre data,none
Diamond Boy (DTM),SZA,60,2,2025-01-04,Hip Hop/Rap,neo-soul; smooth soul; trap soul; indie,lastfm
Khe?,Rauw Alejandro & Romeo Santos,60,6,2025-01-11,Hip Hop/Rap,latin; latin urban; hip hop; reggaeton; trap latino,musicbrainz
Backseat Driver,Kane Brown,60,16,2025-02-08,Country,country; bro-country; contemporary country; country pop,musicbrainz
Enjoy The Show,The Weeknd & Future,60,1,2025-02-15,Hip Hop/Rap,electronic; pop; hip hop; funk; soul,musicbrainz
Lasers,PARTYNEXTDOOR & Drake,60,1,2025-03-01,Hip Hop/Rap,hip hop; funk; soul; pop rap; contemporary r&b,musicbrainz
Jack And Jill,Morgan Wallen,60,3,2025-05-31,Country,country,musicbrainz
On My Mind,Alex Warren & ROSE,60,2,2025-07-12,Pop,2020s; indie pop; pop,musicbrainz
Go Girl,"Summer Walker, Latto & Doja Cat",60,1,2025-11-29,R&B,r&b; soul; anti vax; contemporary r&b,musicbrainz
Vanish Into You,Lady Gaga,61,1,2025-03-22,Pop,electropop; dance-pop; power pop; funk; art pop,lastfm
Texas,Blake Shelton,61,9,2025-03-22,Country,country; contemporary country; bro-country; country pop,musicbrainz
Your Way's Better,Forrest Frank,61,22,2025-05-03,Contemporary Christian,contemporary christian,musicbrainz
Even In Arcadia,Sleep Token,61,1,2025-05-24,Rock,art pop; rock; progressive metal; alternative metal,musicbrainz
Banned From NO,Lil Wayne,61,1,2025-06-21,Hip Hop/Rap,hip hop; southern hip hop; gangsta rap; pop rap; r&b,musicbrainz
Box Me Up,BigXthaPlug Featuring Jelly Roll,61,1,2025-09-06,Unknown,No genre data,none
What Do I Do,SZA,62,2,2025-01-04,R&B,contemporary r&b; r&b; alternative r&b; american; electronic,musicbrainz
What Is This Feeling?,Ariana Grande & Cynthia Erivo,62,1,2025-01-11,Unknown,No genre data,none
Lo Que Le Paso A Hawaii,Bad Bunny,62,3,2025-01-18,Hip Hop/Rap,reggaeton; latin; latin trap; trap latino; hip hop,musicbrainz
Cliche,MGK,62,6,2025-06-07,Hip Hop/Rap,hip hop; english; pop punk; pop rap; rap rock,musicbrainz
Welcome To Tha Carter,Lil Wayne,62,1,2025-06-21,Hip Hop/Rap,hip hop; southern hip hop; gangsta rap; pop rap; r&b,musicbrainz
So Be It,Clipse,62,1,2025-07-26,Hip Hop/Rap,coke rap; hip hop,musicbrainz
Madeline,Zach Bryan Featuring Gabriella Rose,62,2,2025-08-02,Unknown,No genre data,none
Who I Was,NF & MGK,62,1,2025-11-29,Hip Hop/Rap,rap; hip hop; rapper; pop rap,musicbrainz
Meet Your Padre,"PARTYNEXTDOOR, Drake & Chino Pacas",63,1,2025-03-01,Hip Hop/Rap,hip hop; funk; soul; pop rap; contemporary r&b,musicbrainz
Vanish Mode,Lil Durk,63,1,2025-04-12,Hip Hop/Rap,hip hop; chicago drill; drill; english; pop rap,musicbrainz
Come Back As A Redneck,Morgan Wallen Featuring HARDY,63,2,2025-05-31,Unknown,No genre data,none
What's Goin On,Cardi B Featuring Lizzo,63,2,2025-10-04,Unknown,No genre data,none
Leavin,Rod Wave,63,2,2025-10-25,Hip Hop/Rap,trap,musicbrainz
Out The Window,Kehlani,63,1,2025-11-22,R&B,neo soul; r&b; adult contemporary r&b; alternative r&b; contemporary r&b,musicbrainz
Another Life,SZA,64,2,2025-01-04,R&B,contemporary r&b; r&b; alternative r&b; american; electronic,musicbrainz
Por Esos Ojos,Fuerza Regida,64,15,2025-03-01,Regional Mexicano,regional mexicano,musicbrainz
bloodonmyhands,Tate McRae Featuring Flo Milli,64,1,2025-03-08,Unknown,No genre data,none
Marlboro Rojo,Fuerza Regida,64,21,2025-05-24,Regional Mexicano,regional mexicano,musicbrainz
So Far So Fake,Pierce the Veil,64,6,2025-08-16,Unknown,No genre data,none
Beautiful Things,Megan Moroney,64,3,2025-11-08,Country,country,musicbrainz
Listen Up,Lil Baby,65,1,2025-01-18,Unknown,No genre data,none
Niagara Falls,The Weeknd,65,1,2025-02-15,R&B,progressive electronic; chipmunk soul; alternative rnb; king of pop,lastfm
Olympian,Playboi Carti,65,1,2025-03-29,Hip Hop/Rap,hip hop; trap; rap; southern hip hop; cloud rap,musicbrainz
Mona Lisa,J-Hope,65,1,2025-04-05,Hip Hop/Rap,dance-pop; hip hop; k-pop; pop; r&b,musicbrainz
Somethin' 'Bout A Woman,Thomas Rhett Featuring Teddy Swims,65,6,2025-04-05,Unknown,No genre data,none
Tu Sancho,Fuerza Regida,65,10,2025-06-14,Regional Mexicano,regional mexicano,musicbrainz
Bells,Lil Wayne,65,1,2025-06-21,Hip Hop/Rap,hip hop; southern hip hop; gangsta rap; pop rap; r&b,musicbrainz
P.O.V.,"Clipse Featuring Tyler, the Creator",65,1,2025-07-26,Unknown,No genre data,none
No Pole,Don Toliver,66,18,2025-01-11,Hip Hop/Rap,alternative r&b; hip hop; trap,musicbrainz
Celibacy,PARTYNEXTDOOR & Drake,66,1,2025-03-01,Hip Hop/Rap,hip hop; funk; soul; pop rap; contemporary r&b,musicbrainz
Sweet Dreams,J-Hope Featuring Miguel,66,1,2025-03-22,Unknown,No genre data,none
Look To Windward,Sleep Token,66,1,2025-05-24,R&B,alternative metal; rock; progressive metal; alternative r&b,musicbrainz
Latina Foreva,Karol G,66,5,2025-06-07,Pop,pop; latin pop; latin; reggaeton; merengue,musicbrainz
Imaginary Playerz,Cardi B,66,2,2025-08-30,Hip Hop/Rap,hip hop; alternative pop; east coast hip hop; pop; hardcore hip hop,musicbrainz
Speed Demon,Justin Bieber,66,1,2025-09-20,R&B,alternative pop; contemporary r&b,musicbrainz
Part Of Me,A Boogie wit da Hoodie,66,1,2025-10-25,Hip Hop/Rap,hip hop; rap; trap; 2010s; 2020s,musicbrainz
I'm Not There For You,jessie murph,66,2,2025-11-08,Country,2020s; country pop; country soul,musicbrainz
15 Minutes,Sabrina Carpenter,67,1,2025-03-01,Rock,pop; synthpop; dance; pop rock,lastfm
The Abyss,The Weeknd & Lana Del Rey,68,1,2025-02-15,Hip Hop/Rap,electronic; pop; hip hop; funk; soul,musicbrainz
Born Again,LISA Featuring Doja Cat & RAYE,68,2,2025-02-22,Unknown,No genre data,none
Chest Pain (I Love),Malcolm Todd,68,3,2025-04-19,R&B,r&b,musicbrainz
In Your Fantasy,ATEEZ,68,1,2025-07-26,Pop,boy band; boy group; k-pop; 4th gen k-pop; male vocals,musicbrainz
Forever Be Mine,Gunna Featuring Wizkid,68,2,2025-08-23,Unknown,No genre data,none
The Fall,Cody Johnson,68,8,2025-10-11,Country,country,musicbrainz
Baby,Summer Walker & Chris Brown,68,1,2025-11-29,Hip Hop/Rap,pop; hip hop; funk; soul; swing,musicbrainz
No More Hiding,SZA,69,1,2025-01-04,R&B,contemporary r&b; r&b; alternative r&b; american; electronic,musicbrainz
Burning Down,Alex Warren,69,10,2025-01-11,Pop,pop,musicbrainz
Take Me Back To LA,The Weeknd,69,1,2025-02-15,R&B,synthpop; alternative rnb; electropop; electronic,lastfm
cLOUDs,J. Cole,69,2,2025-03-08,Hip Hop/Rap,hip hop,musicbrainz
How Bad Do U Want Me,Lady Gaga,69,1,2025-03-22,Pop,synthpop; pop court with manda m; electropop; dance-pop; pop,lastfm
Munyun,Playboi Carti,69,1,2025-03-29,Hip Hop/Rap,hip hop; trap; rap; southern hip hop; cloud rap,musicbrainz
The Dealer,Morgan Wallen Featuring ERNEST,69,2,2025-05-31,Unknown,No genre data,none
Lemon Drop,ATEEZ,69,1,2025-06-28,Pop,boy band; boy group; k-pop; 4th gen k-pop; male vocals,musicbrainz
Ninja,Young Thug,69,1,2025-10-11,Hip Hop/Rap,hip hop; rap; trap; mumble rap; progressive rap,musicbrainz
Take Me Thru Dere,"Metro Boomin, Quavo, Breskii & YKNIECE",69,8,2025-10-11,Unknown,No genre data,none
No,Summer Walker,69,1,2025-11-29,Hip Hop/Rap,pop; hip hop; funk; soul; swing,musicbrainz
Crybaby,SZA,70,2,2025-01-04,R&B,contemporary r&b; r&b; alternative r&b; american; electronic,musicbrainz
Greedy,PARTYNEXTDOOR & Drake,70,1,2025-03-01,Hip Hop/Rap,hip hop; funk; soul; pop rap; contemporary r&b,musicbrainz
This Town's Been Too Good To Us,Dylan Scott,70,2,2025-04-05,Country,country,musicbrainz
Hands Of Time,Eric Church,70,4,2025-04-26,Country,country; contemporary country; country pop; country rock,musicbrainz
Past Self,Sleep Token,70,1,2025-05-24,Hip Hop/Rap,pop rap; rock; progressive metal; alternative metal; alternative pop,musicbrainz
Leavin's The Least I Could Do,Morgan Wallen,70,2,2025-05-31,Unknown,No genre data,none
Won't Stop,Gunna,70,1,2025-06-28,Hip Hop/Rap,hip hop; pop rap; southern hip hop; trap,musicbrainz
Went Legit,G Herbo,70,18,2025-07-12,Hip Hop/Rap,chicago drill; drill; hip hop; trap,musicbrainz
Swag,"Justin Bieber, Cash Cobain & Eddie Benjamin",70,1,2025-07-26,Hip Hop/Rap,alternative r&b; pop rap; cloud rap; sexy drill,musicbrainz
Sakpase,Gunna,70,1,2025-08-23,Hip Hop/Rap,hip hop; pop rap; southern hip hop; trap,musicbrainz
Man Of Your Word,Cardi B Featuring Dougie F,70,1,2025-10-04,Unknown,No genre data,none
Sorry,NF With James Arthur,70,1,2025-11-29,Hip Hop/Rap,rap; hip hop; rapper; pop rap,musicbrainz
Kitchen,SZA,71,2,2025-01-04,R&B,dream pop; bedroom pop; psychedelic soul; indie; indie pop,lastfm
The Largest,BigXthaPlug,71,18,2025-01-11,Hip Hop/Rap,trap,musicbrainz
Wondering Why,The Red Clay Strays,71,3,2025-01-11,Country,country,musicbrainz
I Promise,Lil Baby,71,1,2025-01-18,Hip Hop/Rap,hip hop; english; rap; southern hip hop; trap,musicbrainz
Given Up On Me,The Weeknd,71,1,2025-02-15,Hip Hop/Rap,electronic; pop; hip hop; funk; soul,musicbrainz
We Need All Da Vibes,"Playboi Carti, Young Thug & Ty Dolla $ign",71,1,2025-03-29,Hip Hop/Rap,hip hop; trap; rap; southern hip hop; cloud rap,musicbrainz
How Does It Feel To Be Forgotten,Selena Gomez & Benny Blanco,71,1,2025-04-05,Electronic/Dance,dance-pop; pop; electro house; electropop; teen pop,musicbrainz
Went West,BabyChiefDoit,71,2,2025-07-12,Hip Hop/Rap,trap,musicbrainz
Maui Wowie,Kid Cudi,71,3,2025-10-25,Hip Hop/Rap,alternative hip hop; hip hop; pop rap; trap; us,musicbrainz
Heavens To Betsy,Jackson Dean,71,3,2025-11-01,Country,country,musicbrainz
Tattoo,Tito Double P,72,8,2025-03-15,Latin,corrido; latin; regional mexicano,musicbrainz
They Want To Be You,Lil Durk Featuring Future,72,1,2025-04-12,Unknown,No genre data,none
Drinking Til It Does,Morgan Wallen,72,2,2025-05-31,Unknown,No genre data,none
Bodies,Offset & JID,72,2,2025-07-05,Unknown,No genre data,none
2000 Excursion,"Travis Scott, Sheck Wes & Don Toliver",72,1,2025-07-26,Hip Hop/Rap,hip hop; trap; rap; southern hip hop; english,musicbrainz
At My Purest,Gunna Featuring Offset,72,1,2025-08-23,Unknown,No genre data,none
Eyes Closed,JISOO & ZAYN,72,1,2025-10-25,Pop,k-pop; 2020s; 3rd gen k-pop,musicbrainz
Due 4A Win,Lil Baby,73,1,2025-01-18,Hip Hop/Rap,hip hop; english; rap; southern hip hop; trap,musicbrainz
Blue Jean Baby,Zach Bryan,73,2,2025-02-08,Country,country; alternative country; americana; red dirt,musicbrainz
Nissan Altima,Doechii,73,2,2025-02-15,Hip Hop/Rap,hip hop; pop rap,musicbrainz
When He's Gone,PARTYNEXTDOOR & Drake,73,1,2025-03-01,Hip Hop/Rap,hip hop; funk; soul; pop rap; contemporary r&b,musicbrainz
Nothin' Left,Morgan Wallen,73,1,2025-05-31,Unknown,No genre data,none
Fame Is A Gun,Addison Rae,73,3,2025-06-14,Pop,pop; 2020s; dance-pop; teen pop; bubblegum pop,musicbrainz
Single Again,Josh Ross,73,5,2025-06-28,Unknown,No genre data,none
Mr Electric Blue,Benson Boone,73,1,2025-07-05,Rock,pop; pop rock; 2020s,musicbrainz
Different Species,Offset & Gunna,73,2,2025-09-06,Hip Hop/Rap,hip hop; southern hip hop; trap,musicbrainz
Salute,Cardi B,73,1,2025-10-04,Hip Hop/Rap,hip hop; alternative pop; east coast hip hop; pop; hardcore hip hop,musicbrainz
So Sorry,Lil Baby,74,1,2025-01-18,Unknown,No genre data,none
Opening Night,The Weeknd,74,1,2025-02-15,Hip Hop/Rap,electronic; pop; hip hop; funk; soul,musicbrainz
OMW,PARTYNEXTDOOR & Drake,74,1,2025-03-01,Unknown,No genre data,none
Signs,Tate McRae,74,1,2025-03-08,Unknown,No genre data,none
Sapphire,Ed Sheeran,74,3,2025-06-21,Pop,pop; folk pop; dance-pop; folk; singer-songwriter,musicbrainz
Sparks,Coldplay,74,19,2025-06-28,Rock,rock; alternative; britpop; alternative rock; indie,lastfm
Papasito,Karol G,74,1,2025-07-05,Pop,pop; latin pop; latin; reggaeton; merengue,musicbrainz
Where Was You,"Travis Scott, Playboi Carti & Future",74,1,2025-07-26,Unknown,No genre data,none
What Kinda Man,Parker McCollum,74,10,2025-08-30,Country,country,musicbrainz
Sienna,The Marias,74,11,2025-09-20,Pop,dream pop; indie pop; 2020s; lo-fi; psychedelic pop,musicbrainz
Boys Back Home,Dylan Marlowe & Dylan Scott,75,5,2025-01-11,Country,country,musicbrainz
ExtraL,JENNIE & Doechii,75,2,2025-03-08,Unknown,No genre data,none
OPM Babi,Playboi Carti,75,1,2025-03-29,Hip Hop/Rap,hip hop; trap; rap; southern hip hop; cloud rap,musicbrainz
Feel It,d4vd,75,8,2025-04-12,R&B,2020s; alternative r&b; contemporary r&b; indie pop,musicbrainz
Gethsemane,Sleep Token,75,1,2025-05-24,R&B,rock; alternative rock; progressive metal; alternative metal; alternative r&b,musicbrainz
Good Times & Tan Lines,Zach Top,75,2,2025-09-13,Unknown,No genre data,none
What You Is,YoungBoy Never Broke Again & Mellow Rackz,75,6,2025-10-18,Hip Hop/Rap,hip hop; southern hip hop; trap; gangsta rap; pop rap,musicbrainz
Rosones,Tito Double P,76,6,2025-01-11,Latin,corrido; latin; regional mexicano,musicbrainz
Priceless,Maroon 5 & LISA,76,1,2025-05-17,Unknown,No genre data,none
Funny Papers,Mac Miller,77,1,2025-02-01,Hip Hop/Rap,hip hop; pennsylvania,musicbrainz
Whiskey Drink,Jason Aldean,77,8,2025-04-26,Country,country; country pop; country rock; bro-country; contemporary country,musicbrainz
Provider,Sleep Token,77,1,2025-05-24,Rock,rock; alternative rock; progressive metal; alternative metal; alternative pop,musicbrainz
Home,BigXthaPlug Featuring Shaboozey,77,1,2025-07-12,Unknown,No genre data,none
Lemonade,Forrest Frank & The Figs,77,1,2025-08-16,Contemporary Christian,contemporary christian,musicbrainz
Charlie,Tom MacDonald,77,1,2025-09-27,Hip Hop/Rap,hip hop; political hip hop; trap,musicbrainz
Run Rudolph Run,Mark Ambor,78,1,2025-01-04,Unknown,No genre data,none
Nadie,Tito Double P,78,6,2025-01-11,Latin,corrido; latin; regional mexicano,musicbrainz
Steve's Lava Chicken,Jack Black,78,3,2025-05-03,Rock,rock and indie,musicbrainz
Half The Plot,Lil Tecca,78,1,2025-06-28,Hip Hop/Rap,hip hop; east coast hip hop; pop rap; trap,musicbrainz
Ace Trumpets,Clipse,78,1,2025-07-26,Hip Hop/Rap,hip hop; rap; southern hip hop; gangsta rap,lastfm
Love Me 4 Me,SZA,79,1,2025-01-04,Unknown,No genre data,none
My World,Chuckyy,79,2,2025-05-10,Unknown,No genre data,none
Thought It Was Love,Ty Myers,79,8,2025-05-17,Unknown,No genre data,none
LA Night,Morgan Wallen,79,2,2025-05-31,Country,country; country pop,musicbrainz
Too Long,Justin Bieber,79,1,2025-07-26,Pop,pop; teen pop; 2010s; 2020s; dance-pop,musicbrainz
Holy Water,Marshmello x Jelly Roll,79,5,2025-09-06,Unknown,No genre data,none
Tiramisu,Don Toliver,79,1,2025-09-20,Hip Hop/Rap,alternative r&b; hip hop; trap,musicbrainz
Wish,Diplo Featuring Trippie Redd,79,5,2025-10-18,Unknown,No genre data,none
Days Like These,Luke Combs,79,4,2025-10-25,Country,country,musicbrainz
Past Won't Leave My Bed,Joji,79,1,2025-11-22,Hip Hop/Rap,lo-fi hip hop; ballad; r&b/soul; alt-pop; alternative r&b,musicbrainz
FMT,Summer Walker,79,1,2025-11-29,Hip Hop/Rap,pop; hip hop; funk; soul; swing,musicbrainz
Chill Baby,SZA,80,2,2025-01-04,R&B,neo-soul; alternative rnb; soul,lastfm
Handlebars,JENNIE & Dua Lipa,80,1,2025-03-22,Unknown,No genre data,none
Cocaine Nose,Playboi Carti,80,1,2025-03-29,Hip Hop/Rap,hip hop; trap; rap; southern hip hop; cloud rap,musicbrainz
Let That Sink In,Gunna,80,1,2025-08-23,Hip Hop/Rap,hip hop; pop rap; southern hip hop; trap,musicbrainz
How Far Does A Goodbye Go,Jason Aldean,80,6,2025-09-27,Country,country; country pop; country rock; bro-country; contemporary country,musicbrainz
1-800 Heartbreak,Summer Walker & Anderson .Paak,80,1,2025-11-29,R&B,r&b; soul; anti vax; contemporary r&b,musicbrainz
My Turn,SZA,81,1,2025-01-04,Unknown,No genre data,none
GBP,Central Cee Featuring 21 Savage,81,2,2025-02-01,Unknown,No genre data,none
Little Things,Ella Mai,81,7,2025-03-08,Hip Hop/Rap,pop; alternative r&b; contemporary r&b; dance-pop; pop rap,musicbrainz
Perfect Celebrity,Lady Gaga,81,1,2025-03-22,Rock,pop; dance-pop; electropop; pop rock; electronic,musicbrainz
Bowery,Zach Bryan Featuring Kings of Leon,81,1,2025-08-23,Unknown,No genre data,none
Shower Tears,Cardi B Featuring Summer Walker,81,1,2025-10-04,Unknown,No genre data,none
Gang Baby,NLE Choppa,82,1,2025-01-11,Hip Hop/Rap,rap,lastfm
Headlock,Imogen Heap,82,12,2025-01-25,Rock,alternative rock; electropop; art pop; british; composers,musicbrainz
I Can't Wait To Get There,The Weeknd,82,1,2025-02-15,Hip Hop/Rap,electronic; pop; hip hop; funk; soul,musicbrainz
Easy Lover,Miley Cyrus,82,1,2025-06-14,Rock,rock; pop; vocal; funk rock; art rock,musicbrainz
This Heart,Corey Kent,82,3,2025-07-05,Country,country,musicbrainz
FWU,Don Toliver,82,1,2025-07-12,Hip Hop/Rap,alternative r&b; hip hop; trap,musicbrainz
Tell Me What It Is,"Tyler, the Creator",82,1,2025-08-02,Hip Hop/Rap,hip hop; hardcore hip hop; horrorcore; west coast hip hop,musicbrainz
Frecuencia,Dareyes de La Sierra,82,9,2025-08-02,Latin,latin; norteo; regional mexicano,musicbrainz
Breakin' Dishes,Rihanna,82,8,2025-09-27,R&B,pop; dance; r&b,lastfm
Nice To Each Other,Olivia Dean,82,6,2025-10-11,R&B,2020s; indie pop; neo soul; pop soul,musicbrainz
The Days,CHRYSTAL,83,6,2025-01-25,Electronic/Dance,house,musicbrainz
Glorious,PARTYNEXTDOOR & Drake,83,1,2025-03-01,Hip Hop/Rap,hip hop; funk; soul; pop rap; contemporary r&b,musicbrainz
LV Bag,"Don Toliver, J-Hope, Pharrell Williams & Speedy",83,1,2025-03-08,Unknown,No genre data,none
like JENNIE,JENNIE,83,3,2025-03-22,Funk Mandelao,funk mandelao; funk automotivo; funk; brazilian funk,lastfm
1000 Times,Lil Durk Featuring Lil Baby,83,1,2025-04-12,Unknown,No genre data,none
Morena,Neton Vega & Peso Pluma,83,6,2025-04-12,Corrido Tumbado,corrido tumbado; regional mexicano,musicbrainz
Whiskey In Reverse,Morgan Wallen,83,1,2025-05-31,Country,country; country pop,musicbrainz
Glory Voice Memo,Justin Bieber,83,1,2025-07-26,R&B,bedroom pop; pop soul; psychedelic soul,musicbrainz
City Walls,Twenty One Pilots,83,1,2025-09-27,Rock,alternative rock,musicbrainz
Brokey,Latto,84,1,2025-01-11,Hip Hop/Rap,pop rap; trap,musicbrainz
7 Dias,Gabito Ballesteros & Tito Double P,84,2,2025-02-15,Unknown,No genre data,none
Couldn't Make It Any Harder,Sabrina Carpenter,84,1,2025-03-01,Unknown,No genre data,none
Can't Hide It,Lil Durk Featuring Jhene Aiko,84,1,2025-04-12,Unknown,No genre data,none
Working Man's Song,Morgan Wallen,84,1,2025-05-31,Country,country; country pop,musicbrainz
Dadz Love,Justin Bieber & Lil B,84,1,2025-07-26,Unknown,No genre data,none
1965,jessie murph,84,1,2025-08-02,Country,2020s; country pop; country soul,musicbrainz
Park,Tyler Hubbard,84,2,2025-08-09,Country,country,musicbrainz
5 Dollar Pony Rides,Mac Miller,85,1,2025-02-01,Unknown,No genre data,none
Zombieboy,Lady Gaga,85,1,2025-03-22,Pop,dance-pop; synth funk; pop; power pop,lastfm
Dis 1 Got It,Playboi Carti,85,1,2025-03-29,Hip Hop/Rap,hip hop; trap; rap; southern hip hop; cloud rap,musicbrainz
Better Than You,Cardi B Featuring Cash Cobain,85,1,2025-10-04,Unknown,No genre data,none
Give Me A Reason,NF,85,1,2025-11-29,Hip Hop/Rap,rap; hip hop; rapper; pop rap,musicbrainz
Stiff Gang,Lil Baby,86,1,2025-01-18,Hip Hop/Rap,hip hop; english; rap; southern hip hop; trap,musicbrainz
Overly,Playboi Carti,86,1,2025-03-29,Hip Hop/Rap,hip hop; trap; rap; southern hip hop; cloud rap,musicbrainz
Back To Me,The Marias,86,1,2025-04-19,Pop,dream pop; indie pop; 2020s; lo-fi; psychedelic pop,musicbrainz
You Had To Be There,Megan Moroney & Kenny Chesney,86,1,2025-05-24,Country,country,musicbrainz
405,Justin Bieber,86,1,2025-07-26,R&B,alternative pop; liquid drum and bass; alternative r&b,musicbrainz
Lost,Bailey Zimmerman & The Kid LAROI,86,1,2025-08-23,Unknown,No genre data,none
Home,NF,86,1,2025-11-29,Hip Hop/Rap,rap; hip hop; rapper; pop rap,musicbrainz
Bad Reviews,Sabrina Carpenter,87,1,2025-03-01,Pop,pop; 2020s; dance-pop; electropop,musicbrainz
Proud Of Me,Fridayy & Meek Mill,87,1,2025-03-22,R&B,r&b; soul,musicbrainz
Headphones On,Addison Rae,87,1,2025-05-03,Pop,pop; 2020s; dance-pop; teen pop; bubblegum pop,musicbrainz
gp,Gunna,87,1,2025-08-23,Hip Hop/Rap,hip hop; pop rap; southern hip hop; trap,musicbrainz
Holiday Road,Kesha,88,1,2025-01-04,Unknown,No genre data,none
Push 2 Start,Tyla,88,7,2025-02-01,R&B,amapiano; pop; afrobeats; contemporary r&b; r&b,musicbrainz
South Atlanta Baby,Playboi Carti,88,1,2025-03-29,Hip Hop/Rap,hip hop; trap; rap; southern hip hop; cloud rap,musicbrainz
Crazy Eyes,Morgan Wallen,88,1,2025-05-31,Country,country; country pop,musicbrainz
Sacrifice,Mariah the Scientist,88,1,2025-09-06,R&B,contemporary r&b; r&b; r&b/soul,musicbrainz
Love Song,Justin Bieber,88,1,2025-09-20,R&B,pop soul; contemporary r&b; yacht rock,musicbrainz
Santa Baby,Laufey,89,1,2025-01-04,Pop,jazz pop; singer-songwriter; bossa nova; easy listening; jazz,musicbrainz
Old Phone,Ed Sheeran,89,1,2025-05-17,Pop,pop; folk pop; dance-pop; folk; singer-songwriter,musicbrainz
Holy Blindfold,Chris Brown,89,1,2025-06-28,R&B,pop; contemporary r&b; 2000s; 2010s; dance,musicbrainz
Forever Young,"David Guetta, Alphaville & Ava Max",90,5,2025-01-25,Electronic/Dance,house; dance-pop; dance; electro house; electronic,musicbrainz
Like I Do,Tate McRae,90,1,2025-03-08,R&B,pop; 2020s; dance-pop; alternative pop; contemporary r&b,musicbrainz
"Henry, Come On",Lana Del Rey,90,1,2025-04-26,Electronic/Dance,indie pop; alternative; dream pop; electronic; pop,musicbrainz
Gnarly,KATSEYE,90,11,2025-05-17,Pop,dance-pop; girl group; pop; k-pop; female vocals,musicbrainz
Don't Say You Love Me,Jin,90,1,2025-05-31,Pop,indie pop,musicbrainz
Count Your Blessings,$uicideboy$,90,1,2025-08-16,Hip Hop/Rap,hip hop; cloud rap; southern hip hop; horrorcore; memphis rap,musicbrainz
Favorite Country Song,HARDY,90,4,2025-11-08,Country,country; country pop,musicbrainz
Bigger Houses,Dan + Shay,91,1,2025-01-25,Jazz/Blues,blues,musicbrainz
Hometown Home,LoCash,91,2,2025-04-12,Country,country,musicbrainz
Forever To Me,Cole Swindell,91,1,2025-05-03,Jazz/Blues,blues,musicbrainz
Nope Your Too Late I Already Died,wifiskeleton & i wanna be a jack-o-lantern,91,1,2025-05-24,Hip Hop/Rap,emo rap; hyperpop; sigilkore; trap,musicbrainz
"Oh, What A Wretched Man I Am!",$uicideboy$,91,1,2025-08-16,Unknown,No genre data,none
Let Down,Radiohead,91,12,2025-08-30,Rock,alternative rock; art rock; rock; british; experimental rock,musicbrainz
Lover Girl,Laufey,91,1,2025-09-06,Pop,jazz pop; singer-songwriter; bossa nova; easy listening; jazz,musicbrainz
She Ready,Key Glock,91,4,2025-09-13,Hip Hop/Rap,gangsta rap; hip hop; southern hip hop; trap,musicbrainz
Loser,Tame Impala,91,1,2025-11-01,Rock,psychedelic rock; neo-psychedelia; psychedelic pop; alternative rock; synth-pop,musicbrainz
"3,2,1",Tucker Wetmore,92,5,2025-05-10,Unknown,No genre data,none
The Birds Don't Sing,Clipse Featuring John Legend & Voices Of Fire,92,1,2025-07-26,Unknown,No genre data,none
Principal,Cardi B Featuring Janet Jackson,92,1,2025-10-04,Unknown,No genre data,none
Dusty Bibles,Josiah Queen,92,1,2025-11-01,Contemporary Christian,contemporary christian,musicbrainz
Killah,Lady Gaga Featuring Gesaffelstein,93,1,2025-03-22,Unknown,No genre data,none
Cotton Candy,Lil Wayne & 2 Chainz,93,1,2025-06-21,Hip Hop/Rap,hip hop; southern hip hop; gangsta rap; pop rap; r&b,musicbrainz
Shyne,Travis Scott & Glorilla,93,1,2025-07-26,Unknown,No genre data,none
Country Song Came On,Luke Bryan,93,3,2025-08-16,Unknown,No genre data,none
Amor,Emmanuel Cortes,93,2,2025-11-08,Unknown,No genre data,none
Come N Go,Yeat,93,2,2025-11-15,Hip Hop/Rap,cloud rap; experimental hip hop; hip hop; rage; trap,musicbrainz
Ends Of The Earth,Ty Myers,94,1,2025-01-11,Unknown,No genre data,none
Shaking When I Pray,Lil Durk,94,1,2025-04-12,Unknown,No genre data,none
Somebody,Latto,94,3,2025-08-16,Hip Hop/Rap,pop rap; trap,musicbrainz
DJ's Chord Organ,Mac Miller Featuring SZA,95,1,2025-02-01,Unknown,No genre data,none
LoveDrug,Lady Gaga,95,1,2025-03-22,Rock,pop; dance-pop; electropop; pop rock; electronic,musicbrainz
Me Prometi,Ivan Cornejo,95,1,2025-05-17,Regional Mexicano,regional mexicano,musicbrainz
Type Dangerous,Mariah Carey,95,1,2025-06-21,Hip Hop/Rap,pop; hip hop; funk; soul; ballad,musicbrainz
M.T.B.T.T.F.,Clipse,95,1,2025-07-26,Hip Hop/Rap,coke rap; hip hop,musicbrainz
Love Hangover,JENNIE & Dominic Fike,96,1,2025-02-15,Unknown,No genre data,none
Walk,Playboi Carti,96,1,2025-03-29,Hip Hop/Rap,hip hop; trap; rap; southern hip hop; cloud rap,musicbrainz
Keep On Sippin',Lil Durk,96,1,2025-04-12,Hip Hop/Rap,hip hop; chicago drill; drill; english; pop rap,musicbrainz
Actin Up,Tommy Richman,96,1,2025-05-03,Electronic/Dance,house,musicbrainz
Verano Rosa,Karol G & Feid,96,1,2025-07-05,R&B,reggaeton; latin urban; spanish; latin; r&b,musicbrainz
Illegal,PinkPantheress,96,1,2025-07-19,Electronic/Dance,dance-pop; electronic; pop; breaks; uk garage,musicbrainz
What An Awesome God,Phil Wickham,96,3,2025-10-11,Contemporary Christian,contemporary christian,musicbrainz
Baller,"Summer Walker, Glorilla, Sexyy Red & Monaleo",96,1,2025-11-29,Hip Hop/Rap,pop; hip hop; funk; soul; swing,musicbrainz
Stoned,Mac Miller,97,1,2025-02-01,Hip Hop/Rap,hip hop; pennsylvania,musicbrainz
Sunset Blvd,Selena Gomez & Benny Blanco,97,1,2025-04-05,Electronic/Dance,dance-pop; pop; electro house; electropop; teen pop,musicbrainz
Not At This Party,Dasha,97,1,2025-04-26,Country,contemporary pop/rock; contemporary singer/songwriter; country; country pop; dance-pop,musicbrainz
King Carter,Lil Wayne,97,1,2025-06-21,Hip Hop/Rap,hip hop; southern hip hop; gangsta rap; pop rap; r&b,musicbrainz
A Lot More Free,Max McNown,97,1,2025-08-16,Unknown,No genre data,none
Let Alone The One You Love,Olivia Dean,97,1,2025-11-29,R&B,2020s; indie pop; neo soul; pop soul,musicbrainz
Country House,Sam Hunt,98,1,2025-07-19,Country,country pop; country; bro-country; contemporary country; contemporary r&b,musicbrainz
South Of Sanity,Zach Top,98,1,2025-09-13,Country,bluegrass; country; neo-traditional country,musicbrainz
Losin' Streak,Blake Roman,98,1,2025-11-29,Soundtrack,soundtrack,musicbrainz
Free Promo,Lil Baby,99,1,2025-01-18,Unknown,No genre data,none
Greenlight,Tate McRae,99,1,2025-03-08,R&B,pop; 2020s; dance-pop; alternative pop; contemporary r&b,musicbrainz
Ribs,Lorde,99,2,2025-05-10,Pop,pop; alternative pop; indie pop; synth-pop; art pop,musicbrainz
Many Nights,Gunna,99,1,2025-08-23,Hip Hop/Rap,hip hop; pop rap; southern hip hop; trap,musicbrainz
3am,Loe Shimmy & Don Toliver,99,3,2025-11-01,Unknown,No genre data,none
Cowboy Songs,George Birge,100,1,2025-01-11,Unknown,No genre data,none
Infinite Baths,Sleep Token,100,1,2025-05-24,Rock,alternative metal; rock; progressive metal; alternative pop,musicbrainz
Now And At The Hour Of Our Death..,$uicideboy$ X BONES,100,1,2025-08-16,Unknown,No genre data,none
